{
  "backend": "ibm_fez",
  "n_qubits": 8,
  "shots": 1024,
  "n_circuits": 20,
  "wall_clock_s": 28.2,
  "mean_abs_diff_expval": 0.1426,
  "max_abs_diff_expval": 0.3333,
  "circuit_depth_before_transpile": 24,
  "hardware_expvals": [
    [-0.376953125, -0.375, -0.302734375, -0.197265625, -0.060546875, 0.158203125, 0.23046875, 0.365234375],
    [-0.357421875, -0.400390625, -0.337890625, -0.072265625, -0.005859375, 0.16796875, 0.197265625, 0.37890625],
    [-0.39453125, -0.421875, -0.365234375, -0.130859375, -0.001953125, 0.28515625, 0.267578125, 0.267578125],
    [-0.3828125, -0.38671875, -0.34375, -0.107421875, 0.12109375, 0.353515625, 0.3515625, 0.287109375],
    [-0.3125, -0.4140625, -0.392578125, -0.16015625, 0.009765625, 0.302734375, 0.388671875, 0.283203125],
    [-0.408203125, -0.365234375, -0.259765625, -0.14453125, -0.046875, 0.158203125, 0.18359375, 0.427734375],
    [-0.408203125, -0.37109375, -0.353515625, -0.12109375, -0.009765625, 0.134765625, 0.21484375, 0.251953125],
    [-0.34375, -0.396484375, -0.296875, -0.203125, 0.005859375, 0.19921875, 0.265625, 0.384765625],
    [-0.40234375, -0.408203125, -0.3203125, -0.126953125, -0.01171875, 0.234375, 0.2109375, 0.328125],
    [-0.384765625, -0.390625, -0.26171875, -0.134765625, -0.1328125, 0.083984375, 0.1875, 0.2578125],
    [-0.349609375, -0.400390625, -0.341796875, -0.052734375, -0.021484375, 0.107421875, 0.26171875, 0.396484375],
    [-0.318359375, -0.40234375, -0.3828125, -0.134765625, 0.09375, 0.20703125, 0.287109375, 0.3515625],
    [-0.345703125, -0.41796875, -0.3515625, -0.2421875, 0.11328125, 0.1171875, 0.220703125, 0.36328125],
    [-0.3203125, -0.384765625, -0.32421875, -0.208984375, 0.0625, 0.138671875, 0.171875, 0.396484375],
    [-0.291015625, -0.451171875, -0.337890625, -0.107421875, 0.060546875, 0.302734375, 0.291015625, 0.353515625],
    [-0.39453125, -0.392578125, -0.341796875, -0.19140625, -0.03125, 0.1640625, 0.17578125, 0.2734375],
    [-0.3515625, -0.40234375, -0.404296875, -0.1171875, 0.01953125, 0.31640625, 0.197265625, 0.28125],
    [-0.3671875, -0.390625, -0.28515625, -0.11328125, 0.12890625, 0.125, 0.119140625, 0.20703125],
    [-0.36328125, -0.380859375, -0.373046875, -0.125, 0.12109375, 0.244140625, 0.25, 0.337890625],
    [-0.37109375, -0.330078125, -0.349609375, -0.099609375, -0.001953125, 0.267578125, 0.2265625, 0.291015625]
  ],
  "statevector_expvals": [
    [-0.5405702419749586, -0.5481738011754056, -0.5275860284428157, -0.1963433028331956, -0.12887245329743072, 0.24973834488569982, 0.3269355261854991, 0.5403023058681401],
    [-0.5407154941586354, -0.5445385850586141, -0.5085009077988704, -0.19372127057927319, -0.1627209725339674, 0.21819376723161724, 0.3114060673153794, 0.5403023058681401],
    [-0.5404055144335078, -0.5550057444210771, -0.5727912078368144, -0.2082234463613736, -0.06014820142025015, 0.30500110530874164, 0.3622619511057085, 0.5403023058681401],
    [-0.5403679330085297, -0.5574997694062426, -0.5929576649492198, -0.21521433066748155, -0.03215962946638674, 0.32480399972870205, 0.377724552807525, 0.5403023058681403],
    [-0.5403024547511049, -0.5644569774769512, -0.6665057479209311, -0.2470522223898441, 0.06501941894301942, 0.3844914207200768, 0.43403488846377747, 0.5403023058681402],
    [-0.5408475414759716, -0.5421255206243856, -0.4975633089578023, -0.19333766593387058, -0.18471994789909796, 0.19578540620518728, 0.30215818087853297, 0.5403023058681395],
    [-0.5405127426395568, -0.5500821142458586, -0.5389132553609739, -0.19870856566342893, -0.11052149094561728, 0.2655427750934835, 0.33592576915718814, 0.54030230586814],
    [-0.5405597188195087, -0.5484972542574045, -0.5294405966592308, -0.1966955000532166, -0.12579624256862013, 0.2524471572564186, 0.3284166446210746, 0.5403023058681402],
    [-0.5403811530969157, -0.5565508726078233, -0.5850107221683981, -0.21235771398549813, -0.043063868825529074, 0.3172503460745954, 0.3716422430809268, 0.5403023058681403],
    [-0.5409905925796026, -0.5400874642775199, -0.4893908106966383, -0.1938934559168714, -0.20322741458168853, 0.17559587926865905, 0.29496573121131003, 0.5403023058681404],
    [-0.5408333327204227, -0.5423565638596265, -0.49855151290589694, -0.1933264939639774, -0.1826213280629372, 0.19799465696978039, 0.3030087858373045, 0.5403023058681399],
    [-0.5404828539930846, -0.5512355113552818, -0.5462229267316574, -0.2004808801246593, -0.0991629137535751, 0.27491725022792385, 0.3416663859472056, 0.5403023058681404],
    [-0.5404095601007718, -0.5547703338759126, -0.5710025256622694, -0.2076461007485913, -0.06268665777083973, 0.3031358089170476, 0.36088518127609637, 0.5403023058681403],
    [-0.5404397174828114, -0.5531670619319022, -0.5592969336559273, -0.20405785401669885, -0.07958335725142575, 0.2904037424684887, 0.3518447573054759, 0.5403023058681404],
    [-0.5403794808390265, -0.5566660750958498, -0.5859567436875931, -0.21269105817336384, -0.041758064000225935, 0.31816547113684424, 0.3723669165766631, 0.5403023058681404],
    [-0.5405150205135716, -0.5499993064522646, -0.5384021665971884, -0.19859141314447812, -0.11132860880290114, 0.2648651356600173, 0.3355227781264803, 0.5403023058681402],
    [-0.5404014495035955, -0.5552478473556844, -0.5746502606220588, -0.20883126348063144, -0.05752081838716962, 0.30691913502588725, 0.3636917705225962, 0.5403023058681403],
    [-0.5406799642888285, -0.5453104443863498, -0.5122882446694749, -0.19407382486372052, -0.15562515075619104, 0.22508535663659357, 0.31453801078726024, 0.5403023058681401],
    [-0.540439258952522, -0.553189663824074, -0.5594563848894099, -0.20410441190597997, -0.07934955349974676, 0.29058378702056475, 0.351968308654441, 0.54030230586814],
    [-0.5404401700417399, -0.5531448027711937, -0.559140051204699, -0.2040121115165481, -0.07981350097053769, 0.2902264074076954, 0.3517231842202874, 0.5403023058681401]
  ]
}
